content_id,title,genre,type,release_year
C001,Title_1,Sci-Fi,Show,2010
C002,Title_2,Action,Movie,2010
C003,Title_3,Thriller,Movie,2014
C004,Title_4,Romance,Show,2000
C005,Title_5,Documentary,Movie,2022
C006,Title_6,Romance,Movie,2023
C007,Title_7,Sci-Fi,Show,2019
C008,Title_8,Sci-Fi,Show,2003
C009,Title_9,Drama,Movie,2016
C010,Title_10,Documentary,Show,2004
C011,Title_11,Documentary,Show,2011
C012,Title_12,Sci-Fi,Movie,2019
C013,Title_13,Thriller,Show,2001
C014,Title_14,Romance,Movie,2024
C015,Title_15,Action,Movie,2012
C016,Title_16,Action,Movie,2008
C017,Title_17,Action,Show,2003
C018,Title_18,Drama,Show,2020
C019,Title_19,Comedy,Movie,2018
C020,Title_20,Documentary,Show,2001
C021,Title_21,Thriller,Show,2008
C022,Title_22,Documentary,Movie,2019
C023,Title_23,Action,Show,2009
C024,Title_24,Sci-Fi,Movie,2009
C025,Title_25,Drama,Movie,2000
C026,Title_26,Romance,Movie,2022
C027,Title_27,Action,Show,2021
C028,Title_28,Sci-Fi,Show,2011
C029,Title_29,Romance,Movie,2001
C030,Title_30,Thriller,Show,2003
C031,Title_31,Romance,Show,2015
C032,Title_32,Drama,Movie,2018
C033,Title_33,Documentary,Show,2019
C034,Title_34,Sci-Fi,Show,2020
C035,Title_35,Sci-Fi,Show,2022
C036,Title_36,Comedy,Show,2009
C037,Title_37,Romance,Movie,2004
C038,Title_38,Action,Movie,2013
C039,Title_39,Romance,Show,2018
C040,Title_40,Comedy,Show,2023
C041,Title_41,Comedy,Show,2023
C042,Title_42,Sci-Fi,Show,2007
C043,Title_43,Documentary,Movie,2004
C044,Title_44,Documentary,Show,2018
C045,Title_45,Thriller,Show,2013
C046,Title_46,Drama,Movie,2011
C047,Title_47,Comedy,Movie,2002
C048,Title_48,Comedy,Show,2000
C049,Title_49,Documentary,Show,2023
C050,Title_50,Thriller,Show,2020
C051,Title_51,Documentary,Movie,2016
C052,Title_52,Romance,Show,2006
C053,Title_53,Action,Show,2016
C054,Title_54,Documentary,Movie,2003
C055,Title_55,Comedy,Movie,2018
C056,Title_56,Action,Movie,2024
C057,Title_57,Sci-Fi,Movie,2010
C058,Title_58,Romance,Movie,2024
C059,Title_59,Sci-Fi,Movie,2003
C060,Title_60,Action,Movie,2016
C061,Title_61,Sci-Fi,Movie,2020
C062,Title_62,Thriller,Movie,2011
C063,Title_63,Thriller,Movie,2001
C064,Title_64,Action,Movie,2011
C065,Title_65,Romance,Show,2012
C066,Title_66,Comedy,Show,2006
C067,Title_67,Romance,Movie,2014
C068,Title_68,Drama,Movie,2014
C069,Title_69,Comedy,Movie,2009
C070,Title_70,Thriller,Show,2019
C071,Title_71,Thriller,Movie,2019
C072,Title_72,Comedy,Show,2006
C073,Title_73,Documentary,Show,2008
C074,Title_74,Comedy,Show,2008
C075,Title_75,Drama,Movie,2003
C076,Title_76,Drama,Movie,2011
C077,Title_77,Action,Movie,2007
C078,Title_78,Comedy,Movie,2000
C079,Title_79,Romance,Movie,2008
C080,Title_80,Thriller,Movie,2013
C081,Title_81,Drama,Movie,2015
C082,Title_82,Action,Movie,2015
C083,Title_83,Drama,Show,2020
C084,Title_84,Drama,Movie,2015
C085,Title_85,Drama,Movie,2019
C086,Title_86,Thriller,Movie,2009
C087,Title_87,Action,Show,2007
C088,Title_88,Thriller,Show,2008
C089,Title_89,Romance,Show,2001
C090,Title_90,Comedy,Movie,2013
C091,Title_91,Comedy,Movie,2012
C092,Title_92,Comedy,Show,2006
C093,Title_93,Action,Movie,2021
C094,Title_94,Romance,Movie,2006
C095,Title_95,Action,Show,2024
C096,Title_96,Comedy,Movie,2022
C097,Title_97,Drama,Movie,2001
C098,Title_98,Action,Show,2001
C099,Title_99,Documentary,Movie,2010
C100,Title_100,Drama,Movie,2023
C101,Title_101,Thriller,Show,2002
C102,Title_102,Romance,Show,2014
C103,Title_103,Action,Show,2005
C104,Title_104,Action,Show,2002
C105,Title_105,Documentary,Movie,2008
C106,Title_106,Comedy,Movie,2001
C107,Title_107,Action,Show,2018
C108,Title_108,Comedy,Show,2023
C109,Title_109,Thriller,Movie,2003
C110,Title_110,Drama,Show,2012
C111,Title_111,Drama,Movie,2003
C112,Title_112,Drama,Show,2006
C113,Title_113,Thriller,Movie,2009
C114,Title_114,Comedy,Movie,2020
C115,Title_115,Thriller,Show,2003
C116,Title_116,Romance,Movie,2000
C117,Title_117,Comedy,Show,2002
C118,Title_118,Comedy,Movie,2019
C119,Title_119,Documentary,Show,2023
C120,Title_120,Documentary,Movie,2013
C121,Title_121,Action,Show,2005
C122,Title_122,Comedy,Show,2004
C123,Title_123,Action,Movie,2007
C124,Title_124,Drama,Movie,2023
C125,Title_125,Comedy,Show,2013
C126,Title_126,Thriller,Movie,2003
C127,Title_127,Sci-Fi,Movie,2021
C128,Title_128,Comedy,Show,2004
C129,Title_129,Action,Show,2012
C130,Title_130,Drama,Movie,2010
C131,Title_131,Action,Movie,2007
C132,Title_132,Romance,Movie,2019
C133,Title_133,Documentary,Show,2000
C134,Title_134,Comedy,Movie,2023
C135,Title_135,Romance,Show,2010
C136,Title_136,Thriller,Movie,2008
C137,Title_137,Thriller,Movie,2019
C138,Title_138,Comedy,Show,2022
C139,Title_139,Drama,Movie,2016
C140,Title_140,Comedy,Movie,2000
C141,Title_141,Comedy,Show,2006
C142,Title_142,Action,Movie,2003
C143,Title_143,Comedy,Movie,2024
C144,Title_144,Action,Show,2014
C145,Title_145,Action,Movie,2015
C146,Title_146,Comedy,Movie,2022
C147,Title_147,Documentary,Show,2022
C148,Title_148,Thriller,Movie,2014
C149,Title_149,Thriller,Movie,2009
C150,Title_150,Sci-Fi,Show,2017
C151,Title_151,Sci-Fi,Show,2018
C152,Title_152,Sci-Fi,Movie,2018
C153,Title_153,Drama,Movie,2016
C154,Title_154,Romance,Movie,2024
C155,Title_155,Documentary,Movie,2019
C156,Title_156,Action,Movie,2003
C157,Title_157,Drama,Movie,2016
C158,Title_158,Documentary,Movie,2017
C159,Title_159,Action,Show,2006
C160,Title_160,Action,Movie,2001
C161,Title_161,Thriller,Movie,2017
C162,Title_162,Documentary,Movie,2024
C163,Title_163,Documentary,Movie,2005
C164,Title_164,Comedy,Show,2012
C165,Title_165,Drama,Movie,2022
C166,Title_166,Sci-Fi,Movie,2000
C167,Title_167,Comedy,Show,2020
C168,Title_168,Drama,Show,2017
C169,Title_169,Action,Movie,2004
C170,Title_170,Action,Movie,2024
C171,Title_171,Drama,Show,2000
C172,Title_172,Sci-Fi,Show,2020
C173,Title_173,Drama,Movie,2016
C174,Title_174,Drama,Movie,2003
C175,Title_175,Sci-Fi,Movie,2012
C176,Title_176,Action,Movie,2004
C177,Title_177,Action,Movie,2001
C178,Title_178,Romance,Show,2004
C179,Title_179,Drama,Show,2008
C180,Title_180,Documentary,Movie,2002
C181,Title_181,Action,Show,2011
C182,Title_182,Sci-Fi,Movie,2014
C183,Title_183,Thriller,Movie,2018
C184,Title_184,Drama,Movie,2014
C185,Title_185,Thriller,Show,2001
C186,Title_186,Drama,Movie,2022
C187,Title_187,Documentary,Movie,2017
C188,Title_188,Action,Show,2022
C189,Title_189,Thriller,Movie,2019
C190,Title_190,Documentary,Movie,2002
C191,Title_191,Thriller,Show,2007
C192,Title_192,Thriller,Movie,2007
C193,Title_193,Romance,Movie,2016
C194,Title_194,Romance,Show,2022
C195,Title_195,Action,Show,2017
C196,Title_196,Action,Show,2007
C197,Title_197,Documentary,Show,2003
C198,Title_198,Thriller,Show,2006
C199,Title_199,Action,Movie,2003
C200,Title_200,Thriller,Movie,2015
